TRUCK_ID,MENU_TYPE_ID,PRIMARY_CITY,REGION,ISO_REGION,COUNTRY,ISO_COUNTRY_CODE,FRANCHISE_FLAG,YEAR,MAKE,MODEL,EV_FLAG,FRANCHISE_ID,TRUCK_OPENING_DATE,TRUCK_AGE
3,3,San Mateo,California,CA,United States,US,1,2004,Freightliner,MT45 Utilimaster,0,2,2021-10-01,1
4,4,San Mateo,California,CA,United States,US,1,1997,Chevrolet,P30,1,3,2021-01-01,1
5,5,San Mateo,California,CA,United States,US,1,2010,Custom,Van,1,4,2022-04-01,1
6,6,San Mateo,California,CA,United States,US,1,2010,Airstream,Trailer,0,5,2019-07-01,1
7,7,San Mateo,California,CA,United States,US,1,2010,Custom,Van,0,6,2021-01-01,1
8,8,San Mateo,California,CA,United States,US,1,1999,Chevrolet,P30,1,7,2022-04-01,1
9,9,San Mateo,California,CA,United States,US,1,2008,Custom,Box Truck,0,8,2020-07-01,1
12,12,San Mateo,California,CA,United States,US,1,2010,Custom,Van,0,11,2021-04-01,1
13,13,San Mateo,California,CA,United States,US,1,2000,Freightliner,MT45 Utilimaster,0,12,2021-07-01,1
14,14,San Mateo,California,CA,United States,US,1,2004,Freightliner,MT45 Utilimaster,0,12,2020-10-01,1
15,15,San Mateo,California,CA,United States,US,1,2010,Airstream,Trailer,0,13,2021-01-01,1
16,1,Denver,Colorado,CO,United States,US,1,1974,Volkswagen,Westfalia Bus,1,14,2022-04-01,1
18,3,Denver,Colorado,CO,United States,US,1,2008,Custom,Box Truck,0,15,2020-01-01,1
19,4,Denver,Colorado,CO,United States,US,1,2018,Nissan,NV 2500 High Roof,0,16,2021-07-01,1
20,5,Denver,Colorado,CO,United States,US,1,2012,Custom,Box Truck,0,17,2021-07-01,1
23,8,Denver,Colorado,CO,United States,US,1,2010,Custom,Van,0,19,2020-01-01,1
24,9,Denver,Colorado,CO,United States,US,1,2000,Freightliner,MT45 Utilimaster,0,20,2021-07-01,1
26,11,Denver,Colorado,CO,United States,US,1,2010,Custom,Van,0,22,2021-04-01,1
27,12,Denver,Colorado,CO,United States,US,1,2000,Freightliner,MT45 Utilimaster,0,23,2020-07-01,1
28,13,Denver,Colorado,CO,United States,US,1,2009,Freightliner,MT45 Utilimaster,0,23,2021-01-01,1
29,14,Denver,Colorado,CO,United States,US,1,1999,Chevrolet,P30,0,24,2020-10-01,1
30,15,Denver,Colorado,CO,United States,US,1,1997,Chevrolet,P30,0,25,2021-04-01,1
31,1,Seattle,Washington,WA,United States,US,1,2010,Custom,Van,0,26,2020-01-01,1
32,2,Seattle,Washington,WA,United States,US,1,2009,Freightliner,MT45 Utilimaster,1,27,2021-07-01,1
34,4,Seattle,Washington,WA,United States,US,1,1999,Chevrolet,P30,0,28,2021-10-01,1
35,5,Seattle,Washington,WA,United States,US,1,1997,Chevrolet,P30,0,28,2022-01-01,1
38,8,Seattle,Washington,WA,United States,US,1,2012,Custom,Box Truck,1,31,2022-07-01,1
40,10,Seattle,Washington,WA,United States,US,1,2012,Custom,Box Truck,1,33,2021-01-01,1
41,11,Seattle,Washington,WA,United States,US,1,1997,Custom,Box Truck,0,34,2021-04-01,1
42,12,Seattle,Washington,WA,United States,US,1,2000,Freightliner,MT45 Utilimaster,0,35,2020-10-01,1
45,15,Seattle,Washington,WA,United States,US,1,2001,Freightliner,MT45 Utilimaster,0,38,2020-04-01,1
48,3,Boston,Massachusetts,MA,United States,US,1,2007,Custom,Van,0,39,2020-07-01,1
50,5,Boston,Massachusetts,MA,United States,US,1,1974,Volkswagen,Westfalia Bus,0,40,2020-07-01,1
51,6,Boston,Massachusetts,MA,United States,US,1,2012,Custom,Box Truck,0,41,2020-01-01,1
54,9,Boston,Massachusetts,MA,United States,US,1,2010,Custom,Van,1,44,2022-04-01,1
55,10,Boston,Massachusetts,MA,United States,US,1,2000,Freightliner,MT45 Utilimaster,0,45,2020-01-01,1
58,13,Boston,Massachusetts,MA,United States,US,1,2010,Custom,Van,1,47,2022-01-01,1
59,14,Boston,Massachusetts,MA,United States,US,1,2000,Freightliner,MT45 Utilimaster,1,48,2022-04-01,1
62,2,New York City,New York,NY,United States,US,1,2010,Custom,Van,0,50,2021-07-01,1
63,3,New York City,New York,NY,United States,US,1,2012,Custom,Box Truck,1,51,2022-04-01,1
66,6,New York City,New York,NY,United States,US,1,2010,Custom,Van,1,53,2022-04-01,1
70,10,New York City,New York,NY,United States,US,1,2004,Freightliner,MT45 Utilimaster,0,55,2021-01-01,1
72,12,New York City,New York,NY,United States,US,1,2010,Custom,Van,1,57,2022-04-01,1
73,13,New York City,New York,NY,United States,US,1,2004,Freightliner,MT45 Utilimaster,0,58,2020-01-01,1
74,14,New York City,New York,NY,United States,US,1,2007,Freightliner,MT45 Utilimaster,0,59,2020-10-01,1
76,1,Toronto,Ontario,ON,Canada,CA,1,2010,Custom,Van,0,61,2021-04-01,1
77,2,Toronto,Ontario,ON,Canada,CA,0,2000,Freightliner,MT45 Utilimaster,1,1,2021-10-01,1
78,3,Toronto,Ontario,ON,Canada,CA,0,2004,Freightliner,MT45 Utilimaster,1,1,2022-01-01,1
79,4,Toronto,Ontario,ON,Canada,CA,1,2010,Airstream,Trailer,0,62,2020-01-01,1
83,8,Toronto,Ontario,ON,Canada,CA,1,2004,Freightliner,MT45 Utilimaster,0,64,2021-10-01,1
84,9,Toronto,Ontario,ON,Canada,CA,0,2000,Freightliner,MT45 Utilimaster,1,1,2021-10-01,1
85,10,Toronto,Ontario,ON,Canada,CA,1,2010,Custom,Van,0,65,2021-01-01,1
88,13,Toronto,Ontario,ON,Canada,CA,1,2012,Custom,Box Truck,0,67,2020-10-01,1
89,14,Toronto,Ontario,ON,Canada,CA,1,2001,Freightliner,MT45 Utilimaster,0,68,2020-01-01,1
92,2,Vancouver,British Columbia,BC,Canada,CA,1,2000,Freightliner,MT45 Utilimaster,0,71,2020-10-01,1
93,3,Vancouver,British Columbia,BC,Canada,CA,1,2008,Custom,Box Truck,1,72,2022-01-01,1
94,4,Vancouver,British Columbia,BC,Canada,CA,1,2000,Freightliner,MT45 Utilimaster,0,73,2020-01-01,1
95,5,Vancouver,British Columbia,BC,Canada,CA,1,2001,Airstream,Trailer,1,74,2022-04-01,1
96,6,Vancouver,British Columbia,BC,Canada,CA,1,1999,Chevrolet,P30,1,75,2022-01-01,1
99,9,Vancouver,British Columbia,BC,Canada,CA,1,2001,Freightliner,MT45 Utilimaster,0,77,2021-01-01,1
101,11,Vancouver,British Columbia,BC,Canada,CA,1,2008,Custom,Box Truck,0,78,2020-01-01,1
102,12,Vancouver,British Columbia,BC,Canada,CA,0,2000,Freightliner,MT45 Utilimaster,0,1,2020-10-01,1
103,13,Vancouver,British Columbia,BC,Canada,CA,1,2010,Airstream,Trailer,0,79,2021-04-01,1
104,14,Vancouver,British Columbia,BC,Canada,CA,1,2002,Freightliner,MT45 Utilimaster,0,80,2020-01-01,1
107,2,Montreal,Quebec,QC,Canada,CA,1,2012,Custom,Box Truck,1,82,2022-01-01,1
108,3,Montreal,Quebec,QC,Canada,CA,1,2000,Freightliner,MT45 Utilimaster,1,83,2022-01-01,1
109,4,Montreal,Quebec,QC,Canada,CA,1,2008,Custom,Box Truck,0,84,2020-01-01,1
110,5,Montreal,Quebec,QC,Canada,CA,1,2000,Freightliner,MT45 Utilimaster,0,85,2021-04-01,1
112,7,Montreal,Quebec,QC,Canada,CA,1,1974,Volkswagen,Westfalia Bus,1,87,2022-01-01,1
114,9,Montreal,Quebec,QC,Canada,CA,1,2007,Custom,Box Truck,1,88,2022-04-01,1
115,10,Montreal,Quebec,QC,Canada,CA,1,2002,Freightliner,MT45 Utilimaster,0,89,2021-10-01,1
116,11,Montreal,Quebec,QC,Canada,CA,1,1997,Chevrolet,P30,0,90,2020-01-01,1
117,12,Montreal,Quebec,QC,Canada,CA,1,2001,Freightliner,MT45 Utilimaster,0,91,2021-04-01,1
118,13,Montreal,Quebec,QC,Canada,CA,1,2002,Freightliner,MT45 Utilimaster,1,91,2022-04-01,1
120,15,Montreal,Quebec,QC,Canada,CA,1,2008,Custom,Van,1,93,2022-01-01,1
124,4,London,Greater London,Greater London,England,GB,1,2001,Freightliner,MT45 Utilimaster,1,95,2022-01-01,1
128,8,London,Greater London,Greater London,England,GB,1,2001,Freightliner,MT45 Utilimaster,0,99,2020-07-01,1
130,10,London,Greater London,Greater London,England,GB,1,1997,Chevrolet,P30,1,100,2022-04-01,1
131,11,London,Greater London,Greater London,England,GB,1,2010,Custom,Van,0,101,2020-01-01,1
132,12,London,Greater London,Greater London,England,GB,1,2001,Freightliner,MT45 Utilimaster,1,102,2022-01-01,1
135,15,London,Greater London,Greater London,England,GB,1,2004,Freightliner,MT45 Utilimaster,0,104,2021-01-01,1
136,1,Manchester,Greater Manchester,Greater Manchester,England,GB,1,1972,Volkswagen,Westfalia Bus,1,105,2022-04-01,1
138,3,Manchester,Greater Manchester,Greater Manchester,England,GB,1,2004,Freightliner,MT45 Utilimaster,0,107,2021-01-01,1
139,4,Manchester,Greater Manchester,Greater Manchester,England,GB,1,2000,Freightliner,MT45 Utilimaster,0,108,2021-04-01,1
140,5,Manchester,Greater Manchester,Greater Manchester,England,GB,1,2008,Custom,Van,0,109,2020-07-01,1
144,9,Manchester,Greater Manchester,Greater Manchester,England,GB,1,1999,Chevrolet,P30,0,111,2021-01-01,1
146,11,Manchester,Greater Manchester,Greater Manchester,England,GB,1,2004,Freightliner,MT45 Utilimaster,1,112,2022-01-01,1
147,12,Manchester,Greater Manchester,Greater Manchester,England,GB,1,2004,Freightliner,MT45 Utilimaster,1,112,2022-07-01,1
149,14,Manchester,Greater Manchester,Greater Manchester,England,GB,1,1999,Chevrolet,P30,1,114,2022-01-01,1
151,1,Paris,Île-de-France,Paris,France,FR,1,2008,Custom,Van,1,116,2022-01-01,1
155,5,Paris,Île-de-France,Paris,France,FR,1,2005,Freightliner,MT45 Utilimaster,1,120,2022-01-01,1
156,6,Paris,Île-de-France,Paris,France,FR,1,2005,Freightliner,MT45 Utilimaster,0,120,2021-01-01,1
157,7,Paris,Île-de-France,Paris,France,FR,1,2010,Airstream,Trailer,0,121,2021-10-01,1
158,8,Paris,Île-de-France,Paris,France,FR,1,2005,Freightliner,MT45 Utilimaster,1,120,2022-07-01,1
160,10,Paris,Île-de-France,Paris,France,FR,1,2005,Freightliner,MT45 Utilimaster,1,120,2022-01-01,1
162,12,Paris,Île-de-France,Paris,France,FR,1,2018,Nissan,NV 2500 High Roof,0,121,2021-07-01,1
163,13,Paris,Île-de-France,Paris,France,FR,1,2005,Freightliner,MT45 Utilimaster,1,120,2022-01-01,1
164,14,Paris,Île-de-France,Paris,France,FR,1,2005,Freightliner,MT45 Utilimaster,0,120,2021-04-01,1
165,15,Paris,Île-de-France,Paris,France,FR,1,2001,Freightliner,MT45 Utilimaster,1,123,2022-01-01,1
166,1,Nice,Provence–Alpes–Côte-d'Azur,Alpes-Maritimes,France,FR,1,2001,Freightliner,MT45 Utilimaster,0,123,2021-10-01,1
168,3,Nice,Provence–Alpes–Côte-d'Azur,Alpes-Maritimes,France,FR,1,1999,Chevrolet,P30,1,125,2022-01-01,1
171,6,Nice,Provence–Alpes–Côte-d'Azur,Alpes-Maritimes,France,FR,1,2010,Airstream,Trailer,0,127,2020-04-01,1
172,7,Nice,Provence–Alpes–Côte-d'Azur,Alpes-Maritimes,France,FR,1,2005,Freightliner,MT45 Utilimaster,0,128,2021-07-01,1
173,8,Nice,Provence–Alpes–Côte-d'Azur,Alpes-Maritimes,France,FR,1,2005,Freightliner,MT45 Utilimaster,0,128,2021-01-01,1
174,9,Nice,Provence–Alpes–Côte-d'Azur,Alpes-Maritimes,France,FR,1,2010,Airstream,Trailer,0,129,2020-10-01,1
175,10,Nice,Provence–Alpes–Côte-d'Azur,Alpes-Maritimes,France,FR,1,2001,Freightliner,MT45 Utilimaster,1,130,2022-04-01,1
176,11,Nice,Provence–Alpes–Côte-d'Azur,Alpes-Maritimes,France,FR,1,2001,Freightliner,MT45 Utilimaster,0,130,2021-10-01,1
178,13,Nice,Provence–Alpes–Côte-d'Azur,Alpes-Maritimes,France,FR,1,2001,Freightliner,MT45 Utilimaster,1,131,2022-07-01,1
180,15,Nice,Provence–Alpes–Côte-d'Azur,Alpes-Maritimes,France,FR,1,2010,Airstream,Trailer,0,133,2021-01-01,1
181,1,Warsaw,Mazowieckie województwo,Masovian,Poland,PL,1,2005,Freightliner,MT45 Utilimaster,0,134,2022-04-01,1
186,6,Warsaw,Mazowieckie województwo,Masovian,Poland,PL,1,1999,Chevrolet,P30,1,136,2022-01-01,1
188,8,Warsaw,Mazowieckie województwo,Masovian,Poland,PL,1,2001,Freightliner,MT45 Utilimaster,0,138,2021-04-01,1
189,9,Warsaw,Mazowieckie województwo,Masovian,Poland,PL,1,2003,Freightliner,MT45 Utilimaster,0,139,2020-10-01,1
190,10,Warsaw,Mazowieckie województwo,Masovian,Poland,PL,1,2003,Freightliner,MT45 Utilimaster,0,138,2021-07-01,1
191,11,Warsaw,Mazowieckie województwo,Masovian,Poland,PL,1,2001,Freightliner,MT45 Utilimaster,0,139,2020-01-01,1
192,12,Warsaw,Mazowieckie województwo,Masovian,Poland,PL,1,1999,Chevrolet,P30,1,140,2022-04-01,1
194,14,Warsaw,Mazowieckie województwo,Masovian,Poland,PL,1,1974,Volkswagen,Westfalia Bus,0,141,2021-10-01,1
196,1,Krakow,Małopolskie województwo,Lesser Poland,Poland,PL,1,2000,Freightliner,MT45 Utilimaster,0,143,2022-01-01,1
199,4,Krakow,Małopolskie województwo,Lesser Poland,Poland,PL,1,2001,Freightliner,MT45 Utilimaster,0,145,2021-10-01,1
200,5,Krakow,Małopolskie województwo,Lesser Poland,Poland,PL,1,2005,Freightliner,MT45 Utilimaster,0,146,2020-01-01,1
202,7,Krakow,Małopolskie województwo,Lesser Poland,Poland,PL,1,2000,Freightliner,MT45 Utilimaster,0,148,2021-04-01,1
203,8,Krakow,Małopolskie województwo,Lesser Poland,Poland,PL,1,2011,Airstream,Trailer,0,149,2021-01-01,1
205,10,Krakow,Małopolskie województwo,Lesser Poland,Poland,PL,1,2000,Freightliner,MT45 Utilimaster,0,151,2020-07-01,1
206,11,Krakow,Małopolskie województwo,Lesser Poland,Poland,PL,1,2000,Freightliner,MT45 Utilimaster,0,151,2022-04-01,1
207,12,Krakow,Małopolskie województwo,Lesser Poland,Poland,PL,1,2011,Airstream,Trailer,0,152,2021-01-01,1
209,14,Krakow,Małopolskie województwo,Lesser Poland,Poland,PL,1,2010,Custom,Van,0,153,2021-10-01,1
210,15,Krakow,Małopolskie województwo,Lesser Poland,Poland,PL,1,1999,Chevrolet,P30,0,154,2021-01-01,1
211,1,Mumbai,Maharashtra,Maharashtra,India,IN,1,2009,Freightliner,MT45 Utilimaster,1,155,2022-04-01,1
212,2,Mumbai,Maharashtra,Maharashtra,India,IN,1,2009,Freightliner,MT45 Utilimaster,1,155,2022-01-01,1
213,3,Mumbai,Maharashtra,Maharashtra,India,IN,1,2009,Freightliner,MT45 Utilimaster,1,155,2020-01-01,1
215,5,Mumbai,Maharashtra,Maharashtra,India,IN,1,2006,Freightliner,MT45 Utilimaster,0,157,2020-04-01,1
216,6,Mumbai,Maharashtra,Maharashtra,India,IN,1,2006,Freightliner,MT45 Utilimaster,0,157,2021-01-01,1
217,7,Mumbai,Maharashtra,Maharashtra,India,IN,1,2000,Freightliner,MT45 Utilimaster,1,158,2022-01-01,1
218,8,Mumbai,Maharashtra,Maharashtra,India,IN,1,2011,Airstream,Trailer,0,159,2020-07-01,1
219,9,Mumbai,Maharashtra,Maharashtra,India,IN,1,1972,Volkswagen,Westfalia Bus,1,160,2022-01-01,1
220,10,Mumbai,Maharashtra,Maharashtra,India,IN,1,1999,Chevrolet,P30,1,161,2022-04-01,1
221,11,Mumbai,Maharashtra,Maharashtra,India,IN,1,2008,Custom,Box Truck,0,162,2021-01-01,1
222,12,Mumbai,Maharashtra,Maharashtra,India,IN,1,2005,Freightliner,MT45 Utilimaster,0,163,2020-07-01,1
223,13,Mumbai,Maharashtra,Maharashtra,India,IN,1,1997,Chevrolet,P30,1,164,2022-01-01,1
225,15,Mumbai,Maharashtra,Maharashtra,India,IN,1,1997,Chevrolet,P30,1,165,2022-07-01,1
226,1,Delhi,Delhi,Delhi,India,IN,1,2001,Freightliner,MT45 Utilimaster,1,167,2022-04-01,1
228,3,Delhi,Delhi,Delhi,India,IN,1,2004,Freightliner,MT45 Utilimaster,0,169,2020-07-01,1
229,4,Delhi,Delhi,Delhi,India,IN,1,2009,Freightliner,MT45 Utilimaster,1,170,2022-01-01,1
230,5,Delhi,Delhi,Delhi,India,IN,1,2004,Freightliner,MT45 Utilimaster,0,169,2021-10-01,1
231,6,Delhi,Delhi,Delhi,India,IN,1,2009,Freightliner,MT45 Utilimaster,1,170,2020-01-01,1
233,8,Delhi,Delhi,Delhi,India,IN,1,2004,Freightliner,MT45 Utilimaster,0,172,2020-07-01,1
234,9,Delhi,Delhi,Delhi,India,IN,1,1997,Chevrolet,P30,0,173,2021-01-01,1
235,10,Delhi,Delhi,Delhi,India,IN,1,2015,Airstream,Trailer,0,174,2022-04-01,1
236,11,Delhi,Delhi,Delhi,India,IN,1,2003,Freightliner,MT45 Utilimaster,0,175,2021-10-01,1
237,12,Delhi,Delhi,Delhi,India,IN,1,2008,Custom,Van,0,176,2020-10-01,1
238,13,Delhi,Delhi,Delhi,India,IN,1,1999,Chevrolet,P30,0,177,2021-07-01,1
239,14,Delhi,Delhi,Delhi,India,IN,1,2003,Freightliner,MT45 Utilimaster,0,178,2020-01-01,1
242,2,Tokyo,Kantō,Tokyo,Japan,JP,1,1997,Chevrolet,P30,0,179,2020-04-01,1
243,3,Tokyo,Kantō,Tokyo,Japan,JP,1,2010,Custom,Van,1,180,2022-01-01,1
247,7,Tokyo,Kantō,Tokyo,Japan,JP,1,2005,Freightliner,MT45 Utilimaster,1,182,2022-01-01,1
248,8,Tokyo,Kantō,Tokyo,Japan,JP,1,2000,Freightliner,MT45 Utilimaster,0,183,2021-07-01,1
249,9,Tokyo,Kantō,Tokyo,Japan,JP,1,2004,Freightliner,MT45 Utilimaster,0,184,2021-04-01,1
250,10,Tokyo,Kantō,Tokyo,Japan,JP,1,2010,Custom,Van,0,185,2020-01-01,1
251,11,Tokyo,Kantō,Tokyo,Japan,JP,1,2005,Freightliner,MT45 Utilimaster,1,186,2022-01-01,1
1,1,San Mateo,California,CA,United States,US,0,2009,Ford,Step Van,0,1,2019-01-01,1
2,2,San Mateo,California,CA,United States,US,0,2015,Ford,Step Van,0,1,2020-07-01,1
10,10,San Mateo,California,CA,United States,US,1,2009,Ford,Step Van,0,9,2021-10-01,1
11,11,San Mateo,California,CA,United States,US,1,2013,Ford,Step Van,0,10,2020-01-01,1
17,2,Denver,Colorado,CO,United States,US,0,2015,Ford,Step Van,0,1,2019-04-01,1
21,6,Denver,Colorado,CO,United States,US,0,2015,Ford,Step Van,0,1,2019-04-01,1
22,7,Denver,Colorado,CO,United States,US,1,2013,Ford,Step Van,1,18,2022-01-01,1
25,10,Denver,Colorado,CO,United States,US,1,2013,Ford,Step Van,0,21,2021-07-01,1
33,3,Seattle,Washington,WA,United States,US,0,2013,Ford,Step Van,0,1,2019-10-01,1
36,6,Seattle,Washington,WA,United States,US,1,2014,Ford,Step Van,0,29,2021-04-01,1
37,7,Seattle,Washington,WA,United States,US,1,2010,Ford,Step Van,0,30,2021-07-01,1
39,9,Seattle,Washington,WA,United States,US,1,2010,Ford,Step Van,0,32,2020-07-01,1
43,13,Seattle,Washington,WA,United States,US,1,2014,Ford,Step Van,0,36,2021-07-01,1
44,14,Seattle,Washington,WA,United States,US,1,2010,Ford,Step Van,0,37,2021-10-01,1
46,1,Boston,Massachusetts,MA,United States,US,1,2014,Ford,Step Van,0,36,2021-01-01,1
47,2,Boston,Massachusetts,MA,United States,US,1,2010,Ford,Step Van,0,37,2020-07-01,1
49,4,Boston,Massachusetts,MA,United States,US,0,2013,Ford,Step Van,1,1,2021-04-01,1
52,7,Boston,Massachusetts,MA,United States,US,1,2015,Ford,Step Van,0,42,2021-07-01,1
53,8,Boston,Massachusetts,MA,United States,US,1,2013,Ford,Step Van,0,43,2021-10-01,1
56,11,Boston,Massachusetts,MA,United States,US,1,2015,Ford,Step Van,1,46,2022-04-01,1
57,12,Boston,Massachusetts,MA,United States,US,1,2013,Ford,Step Van,0,46,2021-07-01,1
60,15,Boston,Massachusetts,MA,United States,US,1,2014,Ford,Step Van,0,49,2020-10-01,1
61,1,New York City,New York,NY,United States,US,1,2013,Ford,Step Van,0,49,2021-01-01,1
64,4,New York City,New York,NY,United States,US,1,2009,Ford,Step Van,0,52,2021-01-01,1
65,5,New York City,New York,NY,United States,US,0,2013,Ford,Step Van,1,1,2022-01-01,1
67,7,New York City,New York,NY,United States,US,1,2009,Ford,Step Van,0,54,2020-01-01,1
68,8,New York City,New York,NY,United States,US,1,2010,Ford,Step Van,0,54,2021-04-01,1
69,9,New York City,New York,NY,United States,US,1,2009,Ford,Step Van,0,54,2021-10-01,1
71,11,New York City,New York,NY,United States,US,1,2013,Ford,Step Van,0,56,2020-10-01,1
75,15,New York City,New York,NY,United States,US,1,2009,Ford,Step Van,0,60,2021-04-01,1
80,5,Toronto,Ontario,ON,Canada,CA,1,2014,Ford,Step Van,1,63,2022-01-01,1
81,6,Toronto,Ontario,ON,Canada,CA,0,2009,Ford,Step Van,0,1,2019-01-01,1
82,7,Toronto,Ontario,ON,Canada,CA,1,2009,Ford,Step Van,1,63,2022-04-01,1
86,11,Toronto,Ontario,ON,Canada,CA,1,2009,Ford,Step Van,1,66,2022-04-01,1
87,12,Toronto,Ontario,ON,Canada,CA,1,2009,Ford,Step Van,1,66,2020-01-01,1
90,15,Toronto,Ontario,ON,Canada,CA,1,2009,Ford,Step Van,0,69,2021-01-01,1
91,1,Vancouver,British Columbia,BC,Canada,CA,1,2007,Ford,Step Van,0,70,2021-04-01,1
97,7,Vancouver,British Columbia,BC,Canada,CA,0,2009,Ford,Step Van,0,1,2019-01-01,1
98,8,Vancouver,British Columbia,BC,Canada,CA,1,2012,Ford,Step Van,0,76,2021-10-01,1
100,10,Vancouver,British Columbia,BC,Canada,CA,0,2009,Ford,Step Van,0,1,2019-04-01,1
105,15,Vancouver,British Columbia,BC,Canada,CA,1,2009,Ford,Step Van,0,81,2021-01-01,1
106,1,Montreal,Quebec,QC,Canada,CA,1,2007,Ford,Step Van,1,81,2022-01-01,1
111,6,Montreal,Quebec,QC,Canada,CA,1,2009,Ford,Step Van,0,86,2021-10-01,1
113,8,Montreal,Quebec,QC,Canada,CA,0,2009,Ford,Step Van,0,1,2019-01-01,1
119,14,Montreal,Quebec,QC,Canada,CA,1,2009,Ford,Step Van,0,92,2021-10-01,1
121,1,London,Greater London,Greater London,England,GB,1,2014,Ford,Step Van,1,94,2022-04-01,1
122,2,London,Greater London,Greater London,England,GB,1,2007,Ford,Step Van,0,94,2020-10-01,1
123,3,London,Greater London,Greater London,England,GB,1,2014,Ford,Step Van,1,94,2021-10-01,1
125,5,London,Greater London,Greater London,England,GB,1,2014,Ford,Step Van,0,96,2020-10-01,1
126,6,London,Greater London,Greater London,England,GB,1,2007,Ford,Step Van,1,97,2022-01-01,1
127,7,London,Greater London,Greater London,England,GB,1,2014,Ford,Step Van,0,98,2021-04-01,1
129,9,London,Greater London,Greater London,England,GB,0,2010,Ford,Step Van,1,1,2021-10-01,1
133,13,London,Greater London,Greater London,England,GB,1,2010,Ford,Step Van,0,103,2021-10-01,1
134,14,London,Greater London,Greater London,England,GB,1,2009,Ford,Step Van,1,103,2022-04-01,1
137,2,Manchester,Greater Manchester,Greater Manchester,England,GB,1,2009,Ford,Step Van,0,106,2020-07-01,1
141,6,Manchester,Greater Manchester,Greater Manchester,England,GB,1,2014,Ford,Step Van,1,110,2022-10-01,1
142,7,Manchester,Greater Manchester,Greater Manchester,England,GB,1,2014,Ford,Step Van,1,110,2022-01-01,1
143,8,Manchester,Greater Manchester,Greater Manchester,England,GB,1,2014,Ford,Step Van,1,110,2021-07-01,1
145,10,Manchester,Greater Manchester,Greater Manchester,England,GB,0,2010,Ford,Step Van,0,1,2019-04-01,1
148,13,Manchester,Greater Manchester,Greater Manchester,England,GB,1,2014,Ford,Step Van,0,113,2020-07-01,1
150,15,Manchester,Greater Manchester,Greater Manchester,England,GB,1,2010,Ford,Step Van,0,115,2020-04-01,1
152,2,Paris,Île-de-France,Paris,France,FR,1,2014,Ford,Step Van,0,117,2021-01-01,1
153,3,Paris,Île-de-France,Paris,France,FR,1,2007,Ford,Step Van,1,118,2022-04-01,1
154,4,Paris,Île-de-France,Paris,France,FR,1,2014,Ford,Step Van,0,119,2020-10-01,1
159,9,Paris,Île-de-France,Paris,France,FR,1,2014,Ford,Step Van,0,122,2021-04-01,1
161,11,Paris,Île-de-France,Paris,France,FR,0,2012,Ford,Step Van,0,1,2020-10-01,1
167,2,Nice,Provence–Alpes–Côte-d'Azur,Alpes-Maritimes,France,FR,1,2014,Ford,Step Van,0,124,2020-10-01,1
169,4,Nice,Provence–Alpes–Côte-d'Azur,Alpes-Maritimes,France,FR,1,2012,Ford,Step Van,1,126,2022-01-01,1
170,5,Nice,Provence–Alpes–Côte-d'Azur,Alpes-Maritimes,France,FR,1,2014,Ford,Step Van,1,1,2021-10-01,1
177,12,Nice,Provence–Alpes–Côte-d'Azur,Alpes-Maritimes,France,FR,0,2012,Ford,Step Van,0,1,2020-01-01,1
179,14,Nice,Provence–Alpes–Côte-d'Azur,Alpes-Maritimes,France,FR,1,2009,Ford,Step Van,0,132,2020-10-01,1
182,2,Warsaw,Mazowieckie województwo,Masovian,Poland,PL,1,2010,Ford,Step Van,1,135,2021-01-01,1
183,3,Warsaw,Mazowieckie województwo,Masovian,Poland,PL,1,2010,Ford,Step Van,1,135,2022-01-01,1
184,4,Warsaw,Mazowieckie województwo,Masovian,Poland,PL,1,2010,Ford,Step Van,1,135,2020-10-01,1
185,5,Warsaw,Mazowieckie województwo,Masovian,Poland,PL,1,2010,Ford,Step Van,1,135,2021-07-01,1
187,7,Warsaw,Mazowieckie województwo,Masovian,Poland,PL,1,2012,Ford,Step Van,0,137,2020-01-01,1
193,13,Warsaw,Mazowieckie województwo,Masovian,Poland,PL,0,2012,Ford,Step Van,0,1,2019-01-01,1
195,15,Warsaw,Mazowieckie województwo,Masovian,Poland,PL,1,2012,Ford,Step Van,0,142,2020-07-01,1
197,2,Krakow,Małopolskie województwo,Lesser Poland,Poland,PL,1,2012,Ford,Step Van,1,144,2022-04-01,1
198,3,Krakow,Małopolskie województwo,Lesser Poland,Poland,PL,1,2012,Ford,Step Van,1,144,2020-07-01,1
201,6,Krakow,Małopolskie województwo,Lesser Poland,Poland,PL,1,2008,Ford,Step Van,0,147,2021-10-01,1
204,9,Krakow,Małopolskie województwo,Lesser Poland,Poland,PL,1,2012,Ford,Step Van,1,150,2022-07-01,1
208,13,Krakow,Małopolskie województwo,Lesser Poland,Poland,PL,0,2012,Ford,Step Van,0,1,2020-07-01,1
214,4,Mumbai,Maharashtra,Maharashtra,India,IN,1,2009,Ford,Step Van,1,156,2022-07-01,1
224,14,Mumbai,Maharashtra,Maharashtra,India,IN,0,2012,Ford,Step Van,0,1,2019-01-01,1
227,2,Delhi,Delhi,Delhi,India,IN,1,2014,Ford,Step Van,0,168,2021-01-01,1
232,7,Delhi,Delhi,Delhi,India,IN,1,2015,Ford,Step Van,1,171,2021-10-01,1
240,15,Delhi,Delhi,Delhi,India,IN,0,2015,Ford,Step Van,1,1,2021-07-01,1
241,1,Tokyo,Kantō,Tokyo,Japan,JP,0,2015,Ford,Step Van,1,1,2022-01-01,1
244,4,Tokyo,Kantō,Tokyo,Japan,JP,1,2014,Ford,Step Van,0,181,2021-10-01,1
245,5,Tokyo,Kantō,Tokyo,Japan,JP,1,2014,Ford,Step Van,0,181,2021-10-01,1
246,6,Tokyo,Kantō,Tokyo,Japan,JP,1,2014,Ford,Step Van,0,181,2020-01-01,1
252,12,Tokyo,Kantō,Tokyo,Japan,JP,1,2014,Ford,Step Van,0,187,2020-10-01,1
253,13,Tokyo,Kantō,Tokyo,Japan,JP,1,2010,Freightliner,MT45 Utilimaster,1,188,2022-01-01,1
254,14,Tokyo,Kantō,Tokyo,Japan,JP,1,2010,Freightliner,MT45 Utilimaster,1,188,2021-04-01,1
255,15,Tokyo,Kantō,Tokyo,Japan,JP,1,2010,Freightliner,MT45 Utilimaster,1,188,2022-04-01,1
256,1,Seoul,Seoul Capital,Seoul,South Korea,KR,1,2011,Airstream,Trailer,0,189,2020-07-01,1
258,3,Seoul,Seoul Capital,Seoul,South Korea,KR,1,2004,Freightliner,MT45 Utilimaster,1,190,2022-01-01,1
259,4,Seoul,Seoul Capital,Seoul,South Korea,KR,1,2003,Freightliner,MT45 Utilimaster,0,190,2020-04-01,1
261,6,Seoul,Seoul Capital,Seoul,South Korea,KR,1,2003,Freightliner,MT45 Utilimaster,0,192,2022-01-01,1
265,10,Seoul,Seoul Capital,Seoul,South Korea,KR,1,2004,Freightliner,MT45 Utilimaster,0,195,2021-10-01,1
267,12,Seoul,Seoul Capital,Seoul,South Korea,KR,1,2004,Freightliner,MT45 Utilimaster,0,197,2020-01-01,1
269,14,Seoul,Seoul Capital,Seoul,South Korea,KR,1,2001,Freightliner,MT45 Utilimaster,0,199,2021-07-01,1
272,2,Sydney,New South Wales,New South Wales,Australia,AU,1,1999,Chevrolet,P30,1,201,2021-04-01,1
275,5,Sydney,New South Wales,New South Wales,Australia,AU,1,2001,Freightliner,MT45 Utilimaster,0,202,2020-01-01,1
276,6,Sydney,New South Wales,New South Wales,Australia,AU,1,1974,Volkswagen,Westfalia Bus,1,203,2022-01-01,1
277,7,Sydney,New South Wales,New South Wales,Australia,AU,1,2003,Freightliner,MT45 Utilimaster,0,204,2021-07-01,1
278,8,Sydney,New South Wales,New South Wales,Australia,AU,1,2018,Nissan,NV 2500 High Roof,0,205,2021-04-01,1
280,10,Sydney,New South Wales,New South Wales,Australia,AU,1,2015,Airstream,Trailer,1,207,2022-04-01,1
281,11,Sydney,New South Wales,New South Wales,Australia,AU,1,2000,Freightliner,MT45 Utilimaster,0,208,2021-10-01,1
283,13,Sydney,New South Wales,New South Wales,Australia,AU,1,2003,Freightliner,MT45 Utilimaster,0,210,2020-10-01,1
284,14,Sydney,New South Wales,New South Wales,Australia,AU,1,2015,Airstream,Trailer,0,211,2021-04-01,1
285,15,Sydney,New South Wales,New South Wales,Australia,AU,1,2018,Nissan,NV 2500 High Roof,0,212,2020-01-01,1
288,3,Melbourne,Victoria,Victoria,Australia,AU,1,2003,Freightliner,MT45 Utilimaster,1,215,2022-01-01,1
290,5,Melbourne,Victoria,Victoria,Australia,AU,1,1972,Volkswagen,Westfalia Bus,0,216,2021-07-01,1
292,7,Melbourne,Victoria,Victoria,Australia,AU,1,2001,Freightliner,MT45 Utilimaster,0,218,2021-10-01,1
293,8,Melbourne,Victoria,Victoria,Australia,AU,1,1999,Chevrolet,P30,0,219,2021-04-01,1
295,10,Melbourne,Victoria,Victoria,Australia,AU,1,2003,Freightliner,MT45 Utilimaster,1,221,2022-01-01,1
297,12,Melbourne,Victoria,Victoria,Australia,AU,1,2001,Freightliner,MT45 Utilimaster,0,221,2020-07-01,1
298,13,Melbourne,Victoria,Victoria,Australia,AU,1,1999,Chevrolet,P30,1,222,2022-04-01,1
299,14,Melbourne,Victoria,Victoria,Australia,AU,1,2001,Freightliner,MT45 Utilimaster,0,223,2021-01-01,1
300,15,Melbourne,Victoria,Victoria,Australia,AU,1,2000,Freightliner,MT45 Utilimaster,0,224,2020-10-01,1
316,1,Rio de Janeiro,"Rio de Janeiro, estado ",Rio de Janeiro,Brazil,BR,1,1999,Chevrolet,P30,1,234,2021-01-01,1
318,3,Rio de Janeiro,"Rio de Janeiro, estado ",Rio de Janeiro,Brazil,BR,1,2010,Airstream,Trailer,0,235,2020-10-01,1
319,4,Rio de Janeiro,"Rio de Janeiro, estado ",Rio de Janeiro,Brazil,BR,1,1981,Citroën,H Van,1,236,2022-01-01,1
320,5,Rio de Janeiro,"Rio de Janeiro, estado ",Rio de Janeiro,Brazil,BR,1,2010,Custom,Van,1,237,2022-04-01,1
322,7,Rio de Janeiro,"Rio de Janeiro, estado ",Rio de Janeiro,Brazil,BR,1,2008,Custom,Box Truck,0,239,2020-07-01,1
323,8,Rio de Janeiro,"Rio de Janeiro, estado ",Rio de Janeiro,Brazil,BR,1,2005,Freightliner,MT45 Utilimaster,1,240,2022-04-01,1
324,9,Rio de Janeiro,"Rio de Janeiro, estado ",Rio de Janeiro,Brazil,BR,1,2010,Custom,Van,0,241,2021-01-01,1
326,11,Rio de Janeiro,"Rio de Janeiro, estado ",Rio de Janeiro,Brazil,BR,1,1972,Volkswagen,Westfalia Bus,1,243,2022-07-01,1
327,12,Rio de Janeiro,"Rio de Janeiro, estado ",Rio de Janeiro,Brazil,BR,1,2008,Custom,Box Truck,0,244,2020-01-01,1
329,14,Rio de Janeiro,"Rio de Janeiro, estado ",Rio de Janeiro,Brazil,BR,1,2005,Freightliner,MT45 Utilimaster,1,245,2022-01-01,1
330,15,Rio de Janeiro,"Rio de Janeiro, estado ",Rio de Janeiro,Brazil,BR,1,2000,Freightliner,MT45 Utilimaster,0,245,2020-10-01,1
331,1,Munich,Bavaria,Bayern,Germany,DE,1,2001,Freightliner,MT45 Utilimaster,1,246,2022-01-01,1
332,2,Munich,Bavaria,Bayern,Germany,DE,1,2001,Freightliner,MT45 Utilimaster,1,246,2022-04-01,1
333,3,Munich,Bavaria,Bayern,Germany,DE,1,2015,Airstream,Trailer,1,247,2020-10-01,1
334,4,Munich,Bavaria,Bayern,Germany,DE,1,2008,Custom,Box Truck,1,248,2022-04-01,1
337,7,Munich,Bavaria,Bayern,Germany,DE,1,2010,Custom,Van,1,250,2022-04-01,1
340,10,Munich,Bavaria,Bayern,Germany,DE,1,1974,Volkswagen,Westfalia Bus,1,252,2022-01-01,1
341,11,Munich,Bavaria,Bayern,Germany,DE,1,2010,Custom,Van,0,253,2020-07-01,1
342,12,Munich,Bavaria,Bayern,Germany,DE,1,2001,Freightliner,MT45 Utilimaster,1,254,2022-01-01,1
343,13,Munich,Bavaria,Bayern,Germany,DE,1,2000,Freightliner,MT45 Utilimaster,0,254,2021-04-01,1
344,14,Munich,Bavaria,Bayern,Germany,DE,1,2011,Airstream,Trailer,0,255,2021-01-01,1
346,1,Berlin,Brandenburg,Berlin,Germany,DE,1,2010,Custom,Van,0,257,2021-10-01,1
347,2,Berlin,Brandenburg,Berlin,Germany,DE,1,1974,Citroën,H Van,0,258,2020-01-01,1
350,5,Berlin,Brandenburg,Berlin,Germany,DE,1,1997,Chevrolet,P30,0,260,2020-04-01,1
353,8,Berlin,Brandenburg,Berlin,Germany,DE,1,2003,Freightliner,MT45 Utilimaster,0,260,2020-07-01,1
354,9,Berlin,Brandenburg,Berlin,Germany,DE,1,2001,Freightliner,MT45 Utilimaster,1,260,2021-10-01,1
355,10,Berlin,Brandenburg,Berlin,Germany,DE,1,2000,Freightliner,MT45 Utilimaster,0,260,2020-10-01,1
359,14,Berlin,Brandenburg,Berlin,Germany,DE,1,1997,Chevrolet,P30,0,263,2020-10-01,1
362,2,Hamburg,Hamburg,Hamburg,Germany,DE,1,2010,Custom,Van,1,266,2022-01-01,1
364,4,Hamburg,Hamburg,Hamburg,Germany,DE,1,2008,Custom,Van,1,267,2022-01-01,1
365,5,Hamburg,Hamburg,Hamburg,Germany,DE,1,2004,Freightliner,MT45 Utilimaster,0,268,2020-01-01,1
366,6,Hamburg,Hamburg,Hamburg,Germany,DE,1,1974,Citroën,H Van,1,269,2022-04-01,1
368,8,Hamburg,Hamburg,Hamburg,Germany,DE,1,2001,Freightliner,MT45 Utilimaster,0,271,2020-10-01,1
369,9,Hamburg,Hamburg,Hamburg,Germany,DE,1,2000,Freightliner,MT45 Utilimaster,1,271,2022-01-01,1
370,10,Hamburg,Hamburg,Hamburg,Germany,DE,1,2011,Airstream,Trailer,0,272,2021-01-01,1
371,11,Hamburg,Hamburg,Hamburg,Germany,DE,1,2001,Freightliner,MT45 Utilimaster,1,271,2022-04-01,1
372,12,Hamburg,Hamburg,Hamburg,Germany,DE,1,2000,Freightliner,MT45 Utilimaster,0,271,2020-07-01,1
374,14,Hamburg,Hamburg,Hamburg,Germany,DE,1,2007,Freightliner,MT45 Utilimaster,1,271,2022-10-01,1
377,2,Stockholm,"Stockholm, län",Stockholm,Sweden,SE,1,2001,Freightliner,MT45 Utilimaster,0,276,2020-10-01,1
378,3,Stockholm,"Stockholm, län",Stockholm,Sweden,SE,1,1997,Chevrolet,P30,0,277,2021-07-01,1
379,4,Stockholm,"Stockholm, län",Stockholm,Sweden,SE,1,2001,Freightliner,MT45 Utilimaster,1,276,2022-01-01,1
380,5,Stockholm,"Stockholm, län",Stockholm,Sweden,SE,1,2000,Freightliner,MT45 Utilimaster,0,276,2020-04-01,1
381,6,Stockholm,"Stockholm, län",Stockholm,Sweden,SE,1,2011,Airstream,Trailer,1,277,2022-01-01,1
382,7,Stockholm,"Stockholm, län",Stockholm,Sweden,SE,1,2015,Airstream,Trailer,0,288,2021-10-01,1
383,8,Stockholm,"Stockholm, län",Stockholm,Sweden,SE,1,2001,Freightliner,MT45 Utilimaster,1,289,2022-01-01,1
385,10,Stockholm,"Stockholm, län",Stockholm,Sweden,SE,1,2001,Freightliner,MT45 Utilimaster,0,290,2020-10-01,1
389,14,Stockholm,"Stockholm, län",Stockholm,Sweden,SE,1,2007,Freightliner,MT45 Utilimaster,0,292,2020-10-01,1
390,15,Stockholm,"Stockholm, län",Stockholm,Sweden,SE,1,2003,Freightliner,MT45 Utilimaster,1,293,2022-04-01,1
391,1,Madrid,Madrid provincia,Madrid,Spain,ES,1,1997,Chevrolet,P30,1,294,2022-01-01,1
393,3,Madrid,Madrid provincia,Madrid,Spain,ES,1,2001,Freightliner,MT45 Utilimaster,0,295,2021-10-01,1
394,4,Madrid,Madrid provincia,Madrid,Spain,ES,1,2000,Freightliner,MT45 Utilimaster,0,296,2020-10-01,1
395,5,Madrid,Madrid provincia,Madrid,Spain,ES,1,1978,Citroën,H Van,0,297,2022-07-01,1
396,6,Madrid,Madrid provincia,Madrid,Spain,ES,1,2005,Freightliner,MT45 Utilimaster,1,298,2020-01-01,1
397,7,Madrid,Madrid provincia,Madrid,Spain,ES,1,2005,Freightliner,MT45 Utilimaster,1,298,2021-04-01,1
398,8,Madrid,Madrid provincia,Madrid,Spain,ES,1,2005,Freightliner,MT45 Utilimaster,1,298,2022-01-01,1
399,9,Madrid,Madrid provincia,Madrid,Spain,ES,1,2005,Freightliner,MT45 Utilimaster,0,298,2020-07-01,1
402,12,Madrid,Madrid provincia,Madrid,Spain,ES,1,2010,Airstream,Trailer,0,300,2021-04-01,1
403,13,Madrid,Madrid provincia,Madrid,Spain,ES,1,1972,Volkswagen,Westfalia Bus,0,301,2020-07-01,1
404,14,Madrid,Madrid provincia,Madrid,Spain,ES,1,1997,Chevrolet,P30,0,302,2021-10-01,1
405,15,Madrid,Madrid provincia,Madrid,Spain,ES,1,2008,Custom,Box Truck,1,303,2022-01-01,1
408,3,Barcelona,Barcelona provincia,Barcelona,Spain,ES,1,2003,Freightliner,MT45 Utilimaster,0,306,2020-07-01,1
409,4,Barcelona,Barcelona provincia,Barcelona,Spain,ES,1,2003,Freightliner,MT45 Utilimaster,0,306,2021-01-01,1
410,5,Barcelona,Barcelona provincia,Barcelona,Spain,ES,1,2003,Freightliner,MT45 Utilimaster,0,306,2020-04-01,1
412,7,Barcelona,Barcelona provincia,Barcelona,Spain,ES,1,2003,Freightliner,MT45 Utilimaster,0,308,2022-01-01,1
414,9,Barcelona,Barcelona provincia,Barcelona,Spain,ES,1,2018,Nissan,NV 2500 High Roof,1,309,2021-01-01,1
415,10,Barcelona,Barcelona provincia,Barcelona,Spain,ES,1,1981,Citroën,H Van,0,310,2020-04-01,1
416,11,Barcelona,Barcelona provincia,Barcelona,Spain,ES,1,2005,Freightliner,MT45 Utilimaster,0,311,2022-01-01,1
417,12,Barcelona,Barcelona provincia,Barcelona,Spain,ES,1,2005,Freightliner,MT45 Utilimaster,0,311,2020-10-01,1
419,14,Barcelona,Barcelona provincia,Barcelona,Spain,ES,1,2015,Airstream,Trailer,0,312,2020-01-01,1
420,15,Barcelona,Barcelona provincia,Barcelona,Spain,ES,1,2010,Custom,Box Truck,1,313,2022-01-01,1
422,2,Cairo,Cairo Governorate,Al Qahirah,Egypt,EG,1,2000,Freightliner,MT45 Utilimaster,1,314,2022-01-01,1
423,3,Cairo,Cairo Governorate,Al Qahirah,Egypt,EG,1,2015,Airstream,Trailer,1,315,2022-01-01,1
424,4,Cairo,Cairo Governorate,Al Qahirah,Egypt,EG,1,2005,Freightliner,MT45 Utilimaster,0,316,2020-10-01,1
425,5,Cairo,Cairo Governorate,Al Qahirah,Egypt,EG,1,2000,Freightliner,MT45 Utilimaster,1,317,2022-01-01,1
426,6,Cairo,Cairo Governorate,Al Qahirah,Egypt,EG,1,2015,Airstream,Trailer,0,318,2021-07-01,1
429,9,Cairo,Cairo Governorate,Al Qahirah,Egypt,EG,1,2018,Nissan,NV 2500 High Roof,1,320,2022-01-01,1
432,12,Cairo,Cairo Governorate,Al Qahirah,Egypt,EG,1,2008,Custom,Box Truck,0,322,2020-10-01,1
433,13,Cairo,Cairo Governorate,Al Qahirah,Egypt,EG,1,2000,Freightliner,MT45 Utilimaster,0,323,2021-04-01,1
434,14,Cairo,Cairo Governorate,Al Qahirah,Egypt,EG,1,2008,Custom,Box Truck,0,324,2020-07-01,1
435,15,Cairo,Cairo Governorate,Al Qahirah,Egypt,EG,1,2015,Airstream,Trailer,1,325,2022-01-01,1
437,2,Cape Town,Western Cape,Western Cape,South Africa,ZA,1,2001,Freightliner,MT45 Utilimaster,1,326,2022-01-01,1
439,4,Cape Town,Western Cape,Western Cape,South Africa,ZA,1,1972,Volkswagen,Westfalia Bus,0,328,2020-07-01,1
440,5,Cape Town,Western Cape,Western Cape,South Africa,ZA,1,1997,Chevrolet,P30,1,329,2022-01-01,1
441,6,Cape Town,Western Cape,Western Cape,South Africa,ZA,1,2008,Custom,Box Truck,1,330,2022-01-01,1
443,8,Cape Town,Western Cape,Western Cape,South Africa,ZA,1,2008,Custom,Box Truck,0,331,2020-10-01,1
444,9,Cape Town,Western Cape,Western Cape,South Africa,ZA,1,2015,Airstream,Trailer,1,332,2022-04-01,1
445,10,Cape Town,Western Cape,Western Cape,South Africa,ZA,1,2008,Custom,Van,0,333,2020-10-01,1
446,11,Cape Town,Western Cape,Western Cape,South Africa,ZA,1,2001,Freightliner,MT45 Utilimaster,0,326,2021-01-01,1
447,12,Cape Town,Western Cape,Western Cape,South Africa,ZA,1,1997,Chevrolet,P30,0,334,2020-10-01,1
449,14,Cape Town,Western Cape,Western Cape,South Africa,ZA,1,2005,Freightliner,MT45 Utilimaster,1,335,2022-04-01,1
301,1,Sao Paulo,São Paulo estado,São Paulo,Brazil,BR,1,2011,Airstream,Trailer,1,225,2022-01-01,1
304,4,Sao Paulo,São Paulo estado,São Paulo,Brazil,BR,1,2003,Freightliner,MT45 Utilimaster,0,226,2020-01-01,1
305,5,Sao Paulo,São Paulo estado,São Paulo,Brazil,BR,1,1999,Chevrolet,P30,0,227,2020-04-01,1
307,7,Sao Paulo,São Paulo estado,São Paulo,Brazil,BR,1,2001,Freightliner,MT45 Utilimaster,1,229,2022-01-01,1
308,8,Sao Paulo,São Paulo estado,São Paulo,Brazil,BR,1,2000,Freightliner,MT45 Utilimaster,0,229,2021-01-01,1
309,9,Sao Paulo,São Paulo estado,São Paulo,Brazil,BR,1,2011,Airstream,Trailer,0,230,2020-04-01,1
311,11,Sao Paulo,São Paulo estado,São Paulo,Brazil,BR,1,2001,Freightliner,MT45 Utilimaster,1,232,2022-07-01,1
312,12,Sao Paulo,São Paulo estado,São Paulo,Brazil,BR,1,2000,Freightliner,MT45 Utilimaster,1,232,2022-04-01,1
313,13,Sao Paulo,São Paulo estado,São Paulo,Brazil,BR,1,2011,Airstream,Trailer,0,233,2021-01-01,1
314,14,Sao Paulo,São Paulo estado,São Paulo,Brazil,BR,1,2004,Freightliner,MT45 Utilimaster,0,232,2020-04-01,1
315,15,Sao Paulo,São Paulo estado,São Paulo,Brazil,BR,1,2007,Freightliner,MT45 Utilimaster,1,232,2022-01-01,1
257,2,Seoul,Seoul Capital,Seoul,South Korea,KR,0,2014,Ford,Step Van,0,1,2019-01-01,1
260,5,Seoul,Seoul Capital,Seoul,South Korea,KR,1,2009,Ford,Step Van,0,191,2021-10-01,1
262,7,Seoul,Seoul Capital,Seoul,South Korea,KR,1,2009,Ford,Step Van,0,193,2020-01-01,1
263,8,Seoul,Seoul Capital,Seoul,South Korea,KR,1,2017,Ford,Step Van,1,194,2021-04-01,1
264,9,Seoul,Seoul Capital,Seoul,South Korea,KR,1,2017,Ford,Step Van,1,194,2020-01-01,1
266,11,Seoul,Seoul Capital,Seoul,South Korea,KR,1,2014,Ford,Step Van,1,196,2022-01-01,1
268,13,Seoul,Seoul Capital,Seoul,South Korea,KR,1,2009,Ford,Step Van,1,198,2022-04-01,1
270,15,Seoul,Seoul Capital,Seoul,South Korea,KR,1,2010,Ford,Step Van,1,1,2021-01-01,1
271,1,Sydney,New South Wales,New South Wales,Australia,AU,1,2017,Ford,Step Van,0,200,2020-10-01,1
273,3,Sydney,New South Wales,New South Wales,Australia,AU,0,2012,Ford,Step Van,1,1,2022-04-01,1
274,4,Sydney,New South Wales,New South Wales,Australia,AU,1,2017,Ford,Step Van,1,200,2022-01-01,1
279,9,Sydney,New South Wales,New South Wales,Australia,AU,1,2005,Ford,Step Van,0,206,2020-01-01,1
282,12,Sydney,New South Wales,New South Wales,Australia,AU,1,2014,Ford,Step Van,1,209,2022-01-01,1
286,1,Melbourne,Victoria,Victoria,Australia,AU,1,2005,Ford,Step Van,1,213,2022-04-01,1
287,2,Melbourne,Victoria,Victoria,Australia,AU,1,2014,Ford,Step Van,0,214,2021-10-01,1
289,4,Melbourne,Victoria,Victoria,Australia,AU,0,2012,Ford,Step Van,1,1,2022-04-01,1
291,6,Melbourne,Victoria,Victoria,Australia,AU,1,2009,Ford,Step Van,0,217,2020-10-01,1
294,9,Melbourne,Victoria,Victoria,Australia,AU,1,2012,Ford,Step Van,0,220,2021-01-01,1
296,11,Melbourne,Victoria,Victoria,Australia,AU,1,2009,Ford,Step Van,0,220,2020-10-01,1
302,2,Sao Paulo,São Paulo estado,São Paulo,Brazil,BR,0,2014,Ford,Step Van,0,1,2021-07-01,1
303,3,Sao Paulo,São Paulo estado,São Paulo,Brazil,BR,0,2012,Ford,Step Van,0,1,2019-07-01,1
306,6,Sao Paulo,São Paulo estado,São Paulo,Brazil,BR,1,2014,Ford,Step Van,0,228,2021-10-01,1
310,10,Sao Paulo,São Paulo estado,São Paulo,Brazil,BR,1,2014,Ford,Step Van,0,231,2021-10-01,1
317,2,Rio de Janeiro,"Rio de Janeiro, estado ",Rio de Janeiro,Brazil,BR,0,2012,Ford,Step Van,1,1,2022-01-01,1
321,6,Rio de Janeiro,"Rio de Janeiro, estado ",Rio de Janeiro,Brazil,BR,1,2009,Ford,Step Van,0,238,2021-10-01,1
325,10,Rio de Janeiro,"Rio de Janeiro, estado ",Rio de Janeiro,Brazil,BR,1,2014,Ford,Step Van,0,242,2020-10-01,1
328,13,Rio de Janeiro,"Rio de Janeiro, estado ",Rio de Janeiro,Brazil,BR,1,2009,Ford,Step Van,1,245,2022-04-01,1
335,5,Munich,Bavaria,Bayern,Germany,DE,1,2014,Ford,Step Van,0,249,2020-01-01,1
336,6,Munich,Bavaria,Bayern,Germany,DE,0,2012,Ford,Step Van,1,1,2021-01-01,1
338,8,Munich,Bavaria,Bayern,Germany,DE,1,2014,Ford,Step Van,1,251,2022-04-01,1
339,9,Munich,Bavaria,Bayern,Germany,DE,1,2014,Ford,Step Van,0,251,2020-10-01,1
345,15,Munich,Bavaria,Bayern,Germany,DE,1,2009,Ford,Step Van,0,256,2020-10-01,1
348,3,Berlin,Brandenburg,Berlin,Germany,DE,1,2014,Ford,Step Van,1,259,2022-04-01,1
349,4,Berlin,Brandenburg,Berlin,Germany,DE,1,2014,Ford,Step Van,1,259,2022-07-01,1
351,6,Berlin,Brandenburg,Berlin,Germany,DE,1,2014,Ford,Step Van,1,259,2022-01-01,1
352,7,Berlin,Brandenburg,Berlin,Germany,DE,1,2014,Ford,Step Van,1,259,2022-04-01,1
356,11,Berlin,Brandenburg,Berlin,Germany,DE,0,2012,Ford,Step Van,1,1,2022-04-01,1
357,12,Berlin,Brandenburg,Berlin,Germany,DE,1,2009,Ford,Step Van,0,261,2020-01-01,1
358,13,Berlin,Brandenburg,Berlin,Germany,DE,1,2014,Ford,Step Van,0,262,2020-01-01,1
360,15,Berlin,Brandenburg,Berlin,Germany,DE,1,2009,Ford,Step Van,1,264,2022-01-01,1
361,1,Hamburg,Hamburg,Hamburg,Germany,DE,1,2014,Ford,Step Van,0,265,2020-04-01,1
363,3,Hamburg,Hamburg,Hamburg,Germany,DE,0,2012,Ford,Step Van,0,1,2019-10-01,1
367,7,Hamburg,Hamburg,Hamburg,Germany,DE,1,2009,Ford,Step Van,1,270,2022-01-01,1
373,13,Hamburg,Hamburg,Hamburg,Germany,DE,1,2009,Ford,Step Van,1,273,2021-10-01,1
375,15,Hamburg,Hamburg,Hamburg,Germany,DE,1,2009,Ford,Step Van,1,274,2022-01-01,1
376,1,Stockholm,"Stockholm, län",Stockholm,Sweden,SE,1,2009,Ford,Step Van,0,275,2020-04-01,1
384,9,Stockholm,"Stockholm, län",Stockholm,Sweden,SE,0,2012,Ford,Step Van,1,1,2022-04-01,1
386,11,Stockholm,"Stockholm, län",Stockholm,Sweden,SE,1,2009,Ford,Step Van,0,291,2021-01-01,1
387,12,Stockholm,"Stockholm, län",Stockholm,Sweden,SE,1,2009,Ford,Step Van,0,291,2020-07-01,1
388,13,Stockholm,"Stockholm, län",Stockholm,Sweden,SE,0,2011,Ford,Step Van,1,1,2022-07-01,1
392,2,Madrid,Madrid provincia,Madrid,Spain,ES,0,2010,Ford,Step Van,0,1,2019-01-01,1
400,10,Madrid,Madrid provincia,Madrid,Spain,ES,1,2014,Ford,Step Van,0,299,2022-01-01,1
401,11,Madrid,Madrid provincia,Madrid,Spain,ES,1,2014,Ford,Step Van,0,299,2020-10-01,1
406,1,Barcelona,Barcelona provincia,Barcelona,Spain,ES,1,2005,Ford,Step Van,0,304,2020-04-01,1
407,2,Barcelona,Barcelona provincia,Barcelona,Spain,ES,1,2014,Ford,Step Van,1,305,2022-04-01,1
411,6,Barcelona,Barcelona provincia,Barcelona,Spain,ES,1,2005,Ford,Step Van,1,307,2021-10-01,1
413,8,Barcelona,Barcelona provincia,Barcelona,Spain,ES,0,2011,Ford,Step Van,0,1,2019-07-01,1
418,13,Barcelona,Barcelona provincia,Barcelona,Spain,ES,1,2009,Ford,Step Van,0,312,2021-07-01,1
421,1,Cairo,Cairo Governorate,Al Qahirah,Egypt,EG,0,2010,Ford,Step Van,1,1,2021-04-01,1
427,7,Cairo,Cairo Governorate,Al Qahirah,Egypt,EG,1,2005,Ford,Step Van,0,319,2020-01-01,1
428,8,Cairo,Cairo Governorate,Al Qahirah,Egypt,EG,1,2009,Ford,Step Van,0,319,2021-04-01,1
430,10,Cairo,Cairo Governorate,Al Qahirah,Egypt,EG,1,2005,Ford,Step Van,0,321,2020-10-01,1
431,11,Cairo,Cairo Governorate,Al Qahirah,Egypt,EG,1,2009,Ford,Step Van,0,319,2021-01-01,1
436,1,Cape Town,Western Cape,Western Cape,South Africa,ZA,0,2010,Ford,Step Van,0,1,2019-04-01,1
438,3,Cape Town,Western Cape,Western Cape,South Africa,ZA,1,2005,Ford,Step Van,0,327,2021-01-01,1
442,7,Cape Town,Western Cape,Western Cape,South Africa,ZA,1,2009,Ford,Step Van,1,1,2022-01-01,1
448,13,Cape Town,Western Cape,Western Cape,South Africa,ZA,0,2010,Ford,Step Van,0,1,2019-07-01,1
450,15,Cape Town,Western Cape,Western Cape,South Africa,ZA,1,2009,Ford,Step Van,0,336,2020-01-01,1
